mean_fit_time,std_fit_time,mean_score_time,std_score_time,param_alpha,param_l1_ratio,params,split0_test_score,split1_test_score,split2_test_score,split3_test_score,split4_test_score,mean_test_score,std_test_score,rank_test_score
0.017644977569580077,0.004183969669505547,0.005898475646972656,0.0035581802145400574,1e-07,0.1,"{'alpha': 1e-07, 'l1_ratio': 0.1}",0.2605664785796149,0.3769992236141534,0.3116279958788597,0.3490875280842949,0.3957688367159128,0.3388100125745671,0.04830996471973138,91
0.007795906066894532,0.0021097124759833436,0.004188156127929688,0.0009600501387743553,1e-07,0.11111111111111112,"{'alpha': 1e-07, 'l1_ratio': 0.11111111111111112}",0.26056628778223534,0.3769939667856196,0.3116244313742792,0.3490868690384642,0.39576845751027534,0.3388080024981747,0.04830947911505353,92
0.00573420524597168,0.00013185758862706696,0.0033513545989990235,0.0001274269666349647,1e-07,0.12222222222222223,"{'alpha': 1e-07, 'l1_ratio': 0.12222222222222223}",0.260566096324078,0.37698868848546474,0.31162085371549353,0.3490862074100568,0.3957680767564926,0.3388059845383172,0.048308991416734746,93
0.005672597885131836,0.0001895767817182172,0.003516483306884766,0.00030982937521588616,1e-07,0.13333333333333333,"{'alpha': 1e-07, 'l1_ratio': 0.13333333333333333}",0.2605659042058085,0.3769833885711714,0.3116172628167265,0.34908554318621143,0.3957676944393772,0.33880395864385904,0.048308501608528655,94
0.005447673797607422,0.00019625840065096197,0.0032757282257080077,0.00017387751736213947,1e-07,0.14444444444444446,"{'alpha': 1e-07, 'l1_ratio': 0.14444444444444446}",0.2605657114191179,0.3769780669242362,0.3116136586112078,0.3490848763501937,0.3957673105559121,0.33880192477213356,0.048308009681469845,95
0.005980110168457032,0.0008662923714033724,0.0032837390899658203,0.0002999129464530127,1e-07,0.15555555555555556,"{'alpha': 1e-07, 'l1_ratio': 0.15555555555555556}",0.26056551796557204,0.3769727234055128,0.31161004103354173,0.3490842068846579,0.3957669250894982,0.3387998828757565,0.04830751561675896,96
0.007766866683959961,0.004651956248357131,0.0033026695251464843,0.0003736238862656005,1e-07,0.16666666666666669,"{'alpha': 1e-07, 'l1_ratio': 0.16666666666666669}",0.26056532383576425,0.37696735787289104,0.31160640999292044,0.3490835347787318,0.39576653803834827,0.33879783290373117,0.048307019405324,97
0.005302572250366211,0.00010082513958605303,0.0031911373138427735,8.011653270920581e-05,1e-07,0.17777777777777778,"{'alpha': 1e-07, 'l1_ratio': 0.17777777777777778}",0.2605651290288147,0.3769619702080047,0.3116027654226239,0.3490828600148982,0.3957661493889747,0.3387957748126632,0.048306521033341675,98
0.005498647689819336,0.00025109408959062717,0.0031886577606201174,0.00012602720393835938,1e-07,0.18888888888888888,"{'alpha': 1e-07, 'l1_ratio': 0.18888888888888888}",0.2605649335409922,0.3769565602668029,0.3115991072577765,0.349082182574902,0.395765759131654,0.33879370855442553,0.04830602048451369,99
0.0056666374206542965,0.0004251743756004756,0.003311014175415039,0.00017722412360231637,1e-07,0.2,"{'alpha': 1e-07, 'l1_ratio': 0.2}",0.2605647373722997,0.37695112791225127,0.31159543540162926,0.34908150244861835,0.3957653672515338,0.3387916340772664,0.048305517745178696,100
0.004378175735473633,8.247016860123547e-05,0.003195524215698242,0.00012100366519961178,2.231111111111111e-05,0.1,"{'alpha': 2.231111111111111e-05, 'l1_ratio': 0.1}",0.26105315758586856,0.37979721065760363,0.31342989646026387,0.3493789238743026,0.396033787044204,0.3399385951244486,0.048477052212693675,90
0.004477500915527344,0.00017045477825416243,0.003470182418823242,0.0005436652957075104,2.231111111111111e-05,0.11111111111111112,"{'alpha': 2.231111111111111e-05, 'l1_ratio': 0.11111111111111112}",0.26105111750011134,0.37979752048576265,0.31343199284940537,0.34938030439175005,0.3960341096667458,0.339939008978755,0.048477666292538024,89
0.005209970474243164,0.0010232839912846588,0.0037315845489501952,0.0007227287054035459,2.231111111111111e-05,0.12222222222222223,"{'alpha': 2.231111111111111e-05, 'l1_ratio': 0.12222222222222223}",0.2610490765880066,0.3797978492607027,0.3134341172862586,0.34938169423282084,0.3960344373225009,0.3399394349380579,0.04847828225058746,88
0.004204082489013672,0.00010902017952908243,0.002952861785888672,3.133164855710002e-05,2.231111111111111e-05,0.13333333333333333,"{'alpha': 2.231111111111111e-05, 'l1_ratio': 0.13333333333333333}",0.2610470348488697,0.3797981977046241,0.3134362701424811,0.3493830935252449,0.3960347702045336,0.33993987328515074,0.04847890021546357,87
0.004212188720703125,0.00013399042692649585,0.003110837936401367,0.00028287877220495034,2.231111111111111e-05,0.14444444444444446,"{'alpha': 2.231111111111111e-05, 'l1_ratio': 0.14444444444444446}",0.26104499095746114,0.3797985675037594,0.31343845383330715,0.34938450272369537,0.3960351086562097,0.33994032473488656,0.048479520729524515,86
0.005733489990234375,0.0009854209349798783,0.004519462585449219,0.0007222769243249433,2.231111111111111e-05,0.15555555555555556,"{'alpha': 2.231111111111111e-05, 'l1_ratio': 0.15555555555555556}",0.26104294756075364,0.37979895760211213,0.31344066883925126,0.34938592219697284,0.3960354526087454,0.33994078976156705,0.04848014270422034,85
0.007464265823364258,0.004041130874486444,0.003864908218383789,0.0004950335568323334,2.231111111111111e-05,0.16666666666666669,"{'alpha': 2.231111111111111e-05, 'l1_ratio': 0.16666666666666669}",0.26104090333544006,0.37979936976374984,0.3134429163627467,0.34938735233251694,0.3960358024255387,0.3399412688439985,0.04848076682878782,84
0.006071329116821289,0.001969416567111977,0.004546117782592773,0.0013285253366037489,2.231111111111111e-05,0.17777777777777778,"{'alpha': 2.231111111111111e-05, 'l1_ratio': 0.17777777777777778}",0.2610388582809644,0.37979980487098697,0.3134451976690674,0.34938879369062603,0.3960361583409119,0.33994176257051134,0.04848139318699305,83
0.0053635120391845705,0.00043127500857329237,0.003618764877319336,0.0001298540963564577,2.231111111111111e-05,0.18888888888888888,"{'alpha': 2.231111111111111e-05, 'l1_ratio': 0.18888888888888888}",0.261036812396769,0.3798002638529224,0.31344751311996455,0.34939024639400384,0.396036520601177,0.3399422712729674,0.04848202195481612,82
0.0054662227630615234,0.0008694700050767477,0.0037134170532226564,0.0007654495878358071,2.231111111111111e-05,0.2,"{'alpha': 2.231111111111111e-05, 'l1_ratio': 0.2}",0.2610347637700273,0.3798007490574776,0.31344986605816283,0.3493917110462107,0.39603688946540916,0.3399427958794575,0.048482653859907784,81
0.005696535110473633,0.0013564530326339362,0.004286956787109375,0.001313606348040874,4.452222222222222e-05,0.1,"{'alpha': 4.452222222222222e-05, 'l1_ratio': 0.1}",0.2613644865325375,0.38001304123607926,0.3132409992073202,0.34930665208092704,0.3960942149769272,0.3400038788067582,0.04844338184371882,80
0.004669904708862305,0.0001848260438177647,0.0033655643463134767,0.00016269690825537983,4.452222222222222e-05,0.11111111111111112,"{'alpha': 4.452222222222222e-05, 'l1_ratio': 0.11111111111111112}",0.26136061247894793,0.38001341484042206,0.3132443405228653,0.34930908164680075,0.3960947526729697,0.34000444043240113,0.04844455001524018,79
0.004750776290893555,0.00018529547159517812,0.003343486785888672,6.903040957087001e-05,4.452222222222222e-05,0.12222222222222223,"{'alpha': 4.452222222222222e-05, 'l1_ratio': 0.12222222222222223}",0.26135673298225115,0.3800138168998569,0.3132477215258971,0.3493115221341895,0.39609507966668644,0.34000497464177626,0.048445671999071835,78
0.005395412445068359,0.0010217406329388686,0.00366363525390625,0.0006994541666298625,4.452222222222222e-05,0.13333333333333333,"{'alpha': 4.452222222222222e-05, 'l1_ratio': 0.13333333333333333}",0.2613528528293757,0.38001425027338187,0.3132511424747485,0.34931373713274383,0.39609535239707216,0.34000546702146445,0.04844677382945706,77
0.004411458969116211,0.00016284920957599592,0.0031327724456787108,8.186106687377452e-05,4.452222222222222e-05,0.14444444444444446,"{'alpha': 4.452222222222222e-05, 'l1_ratio': 0.14444444444444446}",0.26134896962064436,0.3800147126946708,0.3132546048630157,0.3493157206597953,0.3960956239540425,0.34000592635843374,0.048447867807367664,76
0.005142688751220703,0.0010938504412718853,0.003530740737915039,0.0006618983274436817,4.452222222222222e-05,0.15555555555555556,"{'alpha': 4.452222222222222e-05, 'l1_ratio': 0.15555555555555556}",0.2613450833520615,0.38001520713804005,0.31325811026080297,0.34931770470410806,0.3960958943354087,0.34000639995808424,0.048448963166331536,75
0.004574012756347656,0.00044476837103253955,0.0031410694122314454,5.986682450514275e-05,4.452222222222222e-05,0.16666666666666669,"{'alpha': 4.452222222222222e-05, 'l1_ratio': 0.16666666666666669}",0.2613411940196039,0.38001573491785445,0.31326165861807276,0.3493196887199068,0.39609616353951416,0.3400068879629904,0.04845006011059592,74
0.00432438850402832,9.756447159923317e-05,0.0031800270080566406,8.060466380005674e-05,4.452222222222222e-05,0.17777777777777778,"{'alpha': 4.452222222222222e-05, 'l1_ratio': 0.17777777777777778}",0.2613372981776393,0.38001629741810894,0.3132652550743622,0.3493216729794728,0.39609643191816035,0.3400073911135487,0.04845115951394628,73
0.004563474655151367,0.000349987644422992,0.00332493782043457,0.00022604180693202886,4.452222222222222e-05,0.18888888888888888,"{'alpha': 4.452222222222222e-05, 'l1_ratio': 0.18888888888888888}",0.26133340270409267,0.3800168986529455,0.3132688997665052,0.34932365748295324,0.39609669876265075,0.3400079114738295,0.048452259628586236,72
0.0046503543853759766,0.0005242372092568028,0.0033973217010498046,0.00020147719140554916,4.452222222222222e-05,0.2,"{'alpha': 4.452222222222222e-05, 'l1_ratio': 0.2}",0.2613295040723681,0.38001753505377445,0.3132724139389852,0.34932564223042706,0.3960969644237987,0.34000841194387066,0.04845338082053601,71
0.0053465843200683595,0.00038897940837022036,0.003801250457763672,0.0003270047089702289,6.673333333333333e-05,0.1,"{'alpha': 6.673333333333333e-05, 'l1_ratio': 0.1}",0.2616631210159067,0.3801985620728132,0.3130371718600795,0.3492295554832153,0.39614625675282966,0.3400549334369689,0.04840900093237437,70
0.006781244277954101,0.0013763450945144206,0.0047165870666503905,0.0015374760131553291,6.673333333333333e-05,0.11111111111111112,"{'alpha': 6.673333333333333e-05, 'l1_ratio': 0.11111111111111112}",0.26165759990474124,0.3801988326947763,0.31304142349221575,0.34923250644175685,0.3961467856482863,0.34005542963635527,0.048410593885311985,69
0.005752372741699219,0.0006955981482368686,0.005825424194335937,0.004331086185554912,6.673333333333333e-05,0.12222222222222223,"{'alpha': 6.673333333333333e-05, 'l1_ratio': 0.12222222222222223}",0.26165207608342067,0.38019913146955875,0.3130457180976596,0.3492354579547293,0.396147312172211,0.3400559391555159,0.048412187241783436,68
0.006315469741821289,0.001434985895883914,0.004416418075561523,0.0011593867477793698,6.673333333333333e-05,0.13333333333333333,"{'alpha': 6.673333333333333e-05, 'l1_ratio': 0.13333333333333333}",0.2616465443675583,0.3801994619515484,0.3130497955534406,0.34923841036681147,0.3961478363187154,0.3400564097116149,0.04841381230506723,67
0.0047515869140625,0.0002014859373470954,0.0034878730773925783,0.00015493666904614444,6.673333333333333e-05,0.14444444444444446,"{'alpha': 6.673333333333333e-05, 'l1_ratio': 0.14444444444444446}",0.2616409938708506,0.38019982547601183,0.3130523925155617,0.3492413629895963,0.3961483580819738,0.3400565865867989,0.04841561370876804,66
0.005084419250488281,0.0005647485175406745,0.0034170627593994142,0.00020089333395542728,6.673333333333333e-05,0.15555555555555556,"{'alpha': 6.673333333333333e-05, 'l1_ratio': 0.15555555555555556}",0.2616354340930023,0.38020022344756876,0.3130549935299636,0.349244316167469,0.3961488778920186,0.34005676902600446,0.048417423072737616,65
0.0047606945037841795,0.0003181111593673451,0.0037914276123046874,0.0006718035272458671,6.673333333333333e-05,0.16666666666666669,"{'alpha': 6.673333333333333e-05, 'l1_ratio': 0.16666666666666669}",0.2616298703017146,0.38020066074220016,0.31305759641301945,0.34924726990096444,0.39614939487318646,0.34005695844621703,0.048419239539676,64
0.004647016525268555,0.0001321774196358986,0.0034752845764160155,0.00013653960382627986,6.673333333333333e-05,0.17777777777777778,"{'alpha': 6.673333333333333e-05, 'l1_ratio': 0.17777777777777778}",0.2616242991537412,0.3802011321305777,0.313060201166377,0.3492502241901658,0.3961499094539016,0.3400571532189527,0.04842106342433216,61
0.008008050918579101,0.004423295817616722,0.004987907409667969,0.002370670642671098,6.673333333333333e-05,0.18888888888888888,"{'alpha': 6.673333333333333e-05, 'l1_ratio': 0.18888888888888888}",0.2616187231980719,0.38020040149183876,0.3130628077937021,0.3492531790353298,0.39615042162792813,0.34005710662937416,0.048422688943475484,62
0.0052945613861083984,0.0009345180002798827,0.003515481948852539,0.0001289375963974447,6.673333333333333e-05,0.2,"{'alpha': 6.673333333333333e-05, 'l1_ratio': 0.2}",0.2616131391070481,0.3801992779247322,0.3130654162980021,0.3492561349459453,0.39615093138935875,0.3400569799330173,0.04842425136641139,63
0.004934930801391601,0.00023713100850639485,0.0037242889404296873,0.00018256720513354263,8.894444444444444e-05,0.1,"{'alpha': 8.894444444444444e-05, 'l1_ratio': 0.1}",0.26194988308493605,0.38037083221900503,0.3128326084960624,0.34915037297197893,0.396192159150895,0.34009917118457544,0.048375470864033994,60
0.006186342239379883,0.0019454576720017685,0.0036882400512695313,0.0001237771907675185,8.894444444444444e-05,0.11111111111111112,"{'alpha': 8.894444444444444e-05, 'l1_ratio': 0.11111111111111112}",0.26194284486553376,0.380371021813806,0.3128358910917012,0.34915427562058654,0.3961930060359574,0.34009940788551696,0.04837774894022074,59
0.0054623126983642575,0.0007590963697397796,0.0037580013275146486,0.0002995388174371019,8.894444444444444e-05,0.12222222222222223,"{'alpha': 8.894444444444444e-05, 'l1_ratio': 0.12222222222222223}",0.2619358003100022,0.3803712446703216,0.31283917673794726,0.3491581792593349,0.3961938491215502,0.3400996500198312,0.04838003362039486,57
0.005205297470092773,0.00028790042397836707,0.0036866188049316405,0.00012787714679039197,8.894444444444444e-05,0.13333333333333333,"{'alpha': 8.894444444444444e-05, 'l1_ratio': 0.13333333333333333}",0.2619287450486145,0.38037149594868414,0.31284246544056715,0.3491620843314649,0.39619468839549365,0.34009989583296485,0.0483823255237735,52
0.0049304008483886715,0.00016722731485494278,0.0035608768463134765,0.00012911325640958292,8.894444444444444e-05,0.14444444444444446,"{'alpha': 8.894444444444444e-05, 'l1_ratio': 0.14444444444444446}",0.26192167905405617,0.38037070641771564,0.3128457542759244,0.34916598995318227,0.39619552384510714,0.34009993070919714,0.04838444696503477,51
0.0050200939178466795,0.00014844725741550984,0.0036152362823486327,0.00010725928018432466,8.894444444444444e-05,0.15555555555555556,"{'alpha': 8.894444444444444e-05, 'l1_ratio': 0.15555555555555556}",0.2619145959445761,0.38036943298904324,0.3128490490994339,0.3491698965672887,0.39619635601055636,0.3400998661221797,0.048386492220182244,53
0.004961061477661133,0.0001300424541942943,0.003667783737182617,0.00011066746354005233,8.894444444444444e-05,0.16666666666666669,"{'alpha': 8.894444444444444e-05, 'l1_ratio': 0.16666666666666669}",0.26190750838340515,0.3803681586208867,0.31285234699809494,0.34917380417457655,0.3961971837771906,0.34009980039083076,0.048388537667037664,54
0.005021858215332031,0.0001576218675371871,0.003566074371337891,2.388873260711923e-05,8.894444444444444e-05,0.17777777777777778,"{'alpha': 8.894444444444444e-05, 'l1_ratio': 0.17777777777777778}",0.261900410006517,0.38036687421288196,0.3128556479779806,0.34917771277583687,0.39619800768208246,0.34009973053105974,0.04839058397230008,55
0.0054550647735595705,0.000943690533719318,0.0039463043212890625,0.0005873166712344902,8.894444444444444e-05,0.18888888888888888,"{'alpha': 8.894444444444444e-05, 'l1_ratio': 0.18888888888888888}",0.26189330078623063,0.3803655842887089,0.3128589520451802,0.3491816223720786,0.396198827712662,0.3400996574409721,0.04839263189527544,56
0.005106449127197266,0.0010435901544982385,0.003354454040527344,9.058508012225987e-05,8.894444444444444e-05,0.2,"{'alpha': 8.894444444444444e-05, 'l1_ratio': 0.2}",0.26188618069477265,0.380364288835881,0.31286225920579835,0.34918553361955496,0.39619964385631257,0.34009958124246387,0.04839468146485212,58
0.004617071151733399,5.757097334585351e-05,0.0033922195434570312,0.00015762768081061977,0.00011115555555555555,0.1,"{'alpha': 0.00011115555555555555, 'l1_ratio': 0.1}",0.2622253969891706,0.380533634795197,0.31262766691939103,0.34907036867678,0.3962326215634069,0.3401379377887891,0.04834334126461779,50
0.004971551895141602,0.000437049477202376,0.003321075439453125,7.888630578472687e-05,0.00011115555555555555,0.11111111111111112,"{'alpha': 0.00011115555555555555, 'l1_ratio': 0.11111111111111112}",0.2622170099003166,0.3805337300502242,0.31263155658074304,0.34907520508127365,0.3962338423882845,0.3401382688001684,0.048346080092468845,49
0.004497528076171875,0.00020825406376858067,0.0032855987548828123,0.00018079998798696382,0.00011115555555555555,0.12222222222222223,"{'alpha': 0.00011115555555555555, 'l1_ratio': 0.12222222222222223}",0.2622086014198284,0.38053240520258147,0.3126354532936214,0.34908004302980655,0.39623505739666454,0.34013831206850054,0.048348586725361034,48
0.005807161331176758,0.0015351676444453268,0.004820775985717773,0.0009431288657800577,0.00011115555555555555,0.13333333333333333,"{'alpha': 0.00011115555555555555, 'l1_ratio': 0.13333333333333333}",0.2622001832943547,0.38053107664958485,0.31263935441255053,0.3490848825240829,0.39623626703514325,0.3401383527831433,0.04835109449398195,47
0.004789209365844727,0.00013557769299507645,0.003464031219482422,0.00011469905271387367,0.00011115555555555555,0.14444444444444446,"{'alpha': 0.00011115555555555555, 'l1_ratio': 0.14444444444444446}",0.2621917495877639,0.38052973600261997,0.31264325994833486,0.34908972356586165,0.3962374712820155,0.3401383880773191,0.04835360390562272,46
0.005179977416992188,0.0005671595572158372,0.0036326885223388673,0.00018515695531792867,0.00011115555555555555,0.15555555555555556,"{'alpha': 0.00011115555555555555, 'l1_ratio': 0.15555555555555556}",0.26218330025113457,0.38052838740669226,0.3126471659458798,0.3490945667298009,0.3962386701154751,0.3401384180897965,0.048356116136237325,45
0.006156063079833985,0.0010760715022667788,0.005051326751708984,0.0010004143514397673,0.00011115555555555555,0.16666666666666669,"{'alpha': 0.00011115555555555555, 'l1_ratio': 0.16666666666666669}",0.26217483523534346,0.38052703084068973,0.31265108032970435,0.34909941087228336,0.3962398642270628,0.34013844430101675,0.04835863041675003,44
0.0066146373748779295,0.0017904795744132062,0.0041429996490478516,0.0005565464085196026,0.00011115555555555555,0.17777777777777778,"{'alpha': 0.00011115555555555555, 'l1_ratio': 0.17777777777777778}",0.26216634580885245,0.38052566628078643,0.31265499916290107,0.3491042565673417,0.39624105217249705,0.34013846399847575,0.04836114969425128,43
0.004882192611694336,9.582630862208878e-05,0.00358428955078125,0.00016626947271511982,0.00011115555555555555,0.18888888888888888,"{'alpha': 0.00011115555555555555, 'l1_ratio': 0.18888888888888888}",0.26215784925335617,0.3805242999392492,0.3126589224564109,0.3491091038166846,0.3962422346385319,0.3401384820208465,0.048363669593616106,42
0.005435752868652344,0.0006858366831822402,0.003770112991333008,0.00028061645963929686,0.00011115555555555555,0.2,"{'alpha': 0.00011115555555555555, 'l1_ratio': 0.2}",0.2621493368698957,0.380522919340082,0.3126628502212102,0.3491139526220215,0.3962434116029585,0.3401384941312336,0.04836619083136915,41
0.004784822463989258,0.00024247293743914224,0.0033992767333984376,0.00011996625891479001,0.00013336666666666666,0.1,"{'alpha': 0.00013336666666666666, 'l1_ratio': 0.1}",0.2624902863167209,0.38068754012460626,0.3124270536675132,0.34898965951648664,0.396268000274708,0.340172507980007,0.04831201102051251,40
0.006058692932128906,0.0017459592742532716,0.004046058654785157,0.001133276209514527,0.00013336666666666666,0.11111111111111112,"{'alpha': 0.00013336666666666666, 'l1_ratio': 0.11111111111111112}",0.26248067520025764,0.38068623884025043,0.31243148070314597,0.3489954105499605,0.3962696418559054,0.34017268942990403,0.04831496642232729,39
0.005391168594360352,0.0003982149416100635,0.004051923751831055,0.0002649751523655101,0.00013336666666666666,0.12222222222222223,"{'alpha': 0.00013336666666666666, 'l1_ratio': 0.12222222222222223}",0.26247104337569016,0.3806849270328715,0.3124359099371077,0.34900116429357786,0.39627127711440235,0.3401728643507299,0.048317925535408715,38
0.006017112731933593,0.0011395418910268883,0.004233264923095703,0.000557886506606438,0.00013336666666666666,0.13333333333333333,"{'alpha': 0.00013336666666666666, 'l1_ratio': 0.13333333333333333}",0.26246138270564967,0.38068360466441853,0.3124403486118109,0.349006919743316,0.3962729047994161,0.3401730321049222,0.04832088981450766,37
0.005503320693969726,0.0007419799253694349,0.0038712024688720703,0.0002269038523229349,0.00013336666666666666,0.14444444444444446,"{'alpha': 0.00013336666666666666, 'l1_ratio': 0.14444444444444446}",0.262451709201857,0.3806822774326396,0.31244479314128293,0.3490126774056309,0.39627452548367303,0.3401731965330167,0.04832385563069567,36
0.005189847946166992,0.0002667221539448739,0.003859710693359375,0.00024028161753023475,0.00013336666666666666,0.15555555555555556,"{'alpha': 0.00013336666666666666, 'l1_ratio': 0.15555555555555556}",0.26244201475589357,0.38068093385449575,0.3124492435426842,0.34901843728367354,0.39627613913332915,0.34017335371401525,0.0483268236593546,35
0.005463218688964844,0.0009614639276437362,0.00385894775390625,0.0005330810729633457,0.00013336666666666666,0.16666666666666669,"{'alpha': 0.00013336666666666666, 'l1_ratio': 0.16666666666666669}",0.2624322992930386,0.3806795796082727,0.31245369983324034,0.3490241993805977,0.3962777457144129,0.3401735047659124,0.04832979486938816,34
0.005235815048217773,0.0007067696798200203,0.003910064697265625,0.0006940724790406084,0.00013336666666666666,0.17777777777777778,"{'alpha': 0.00013336666666666666, 'l1_ratio': 0.17777777777777778}",0.26242256273520825,0.3806782146585803,0.3124581620302411,0.34902996444626233,0.3962793451931941,0.3401736498126972,0.04833276930018163,33
0.00522465705871582,0.00044937722747906856,0.003585338592529297,0.0001428074350156009,0.00013336666666666666,0.18888888888888888,"{'alpha': 0.00013336666666666666, 'l1_ratio': 0.18888888888888888}",0.2624128050039366,0.3806768389705434,0.3124626246877852,0.34903573099085783,0.39628093847321855,0.34017378762526834,0.048335747753294016,32
0.004756450653076172,0.0001561154952160572,0.003419017791748047,0.00010774859156985322,0.00013336666666666666,0.2,"{'alpha': 0.00013336666666666666, 'l1_ratio': 0.2}",0.262403014072335,0.38067545250661294,0.3124670987209389,0.3490414997638175,0.39628252365022487,0.3401739177427858,0.04833873242862175,31
0.004891014099121094,0.0002668069275272143,0.003676033020019531,0.00014589904900686644,0.0001555777777777778,0.1,"{'alpha': 0.0001555777777777778, 'l1_ratio': 0.1}",0.2627451398100513,0.3808335561639308,0.3122306479304744,0.348908353898159,0.39629862414618067,0.34020326438975923,0.048281501455919355,30
0.004946994781494141,0.0002998148053390667,0.0038224220275878905,0.0005331932165431847,0.0001555777777777778,0.11111111111111112,"{'alpha': 0.0001555777777777778, 'l1_ratio': 0.11111111111111112}",0.26273441311166235,0.3808323440533107,0.31223553870607657,0.34891499947829163,0.3963007278428916,0.34020360463844657,0.04828490125520041,29
0.005600500106811524,0.0006949193388384678,0.0038452625274658205,0.0002443604299388138,0.0001555777777777778,0.12222222222222223,"{'alpha': 0.0001555777777777778, 'l1_ratio': 0.12222222222222223}",0.2627236677021557,0.3808311239509692,0.3122404367467386,0.34892164802264003,0.3963028230500507,0.3402039398945108,0.04828830354850005,28
0.005312347412109375,0.0009965891199247361,0.00431370735168457,0.000996043909116798,0.0001555777777777778,0.13333333333333333,"{'alpha': 0.0001555777777777778, 'l1_ratio': 0.13333333333333333}",0.2627128959809836,0.38082988522876426,0.3122453420771505,0.34892829953640947,0.3963049097199888,0.34020426650865937,0.0482917089757856,27
0.00563502311706543,0.000870830483969498,0.004059505462646484,0.0005675142178500535,0.0001555777777777778,0.14444444444444446,"{'alpha': 0.0001555777777777778, 'l1_ratio': 0.14444444444444446}",0.262702097839267,0.3808286331133828,0.31225024974367155,0.3489349546840178,0.3963069886114585,0.3402045847983596,0.048295119228849284,26
0.005057668685913086,0.00028963281324977043,0.004084014892578125,0.0005653000259232078,0.0001555777777777778,0.15555555555555556,"{'alpha': 0.0001555777777777778, 'l1_ratio': 0.15555555555555556}",0.262691262055625,0.38082736755403046,0.31225516969799216,0.3489416121524689,0.3963090580703311,0.34020489390608954,0.04829853632051493,25
0.005405998229980469,0.00024480517845833964,0.004028892517089844,0.0001940776791513908,0.0001555777777777778,0.16666666666666669,"{'alpha': 0.0001555777777777778, 'l1_ratio': 0.16666666666666669}",0.26268041068334724,0.380826088498728,0.3122600970165793,0.348948272606016,0.396311118847258,0.34020519753038575,0.04830195393575837,24
0.0067824840545654295,0.0011436431764958615,0.004839181900024414,0.0013547245691619082,0.0001555777777777778,0.17777777777777778,"{'alpha': 0.0001555777777777778, 'l1_ratio': 0.17777777777777778}",0.26266953255121384,0.3808248038552994,0.312265031724558,0.3489549360499028,0.3963131708933574,0.34020549501486624,0.04830537697943753,23
0.006381034851074219,0.0013736436477225333,0.004447507858276367,0.0013342835718938549,0.0001555777777777778,0.18888888888888888,"{'alpha': 0.0001555777777777778, 'l1_ratio': 0.18888888888888888}",0.2626586275449312,0.3808234976784831,0.3122699738471636,0.34896160248955554,0.3963152141594378,0.34020578314391425,0.04830880279590531,22
0.0065231800079345705,0.0008221287355869792,0.004391145706176758,0.0007162978273922113,0.0001555777777777778,0.2,"{'alpha': 0.0001555777777777778, 'l1_ratio': 0.2}",0.26264769554956036,0.3808221778476718,0.3122749234097434,0.3489682719301802,0.3963172485959974,0.3402060634666306,0.04831223273671312,21
0.004933786392211914,0.00020959547470880707,0.0036497592926025392,0.00023716752838838452,0.00017778888888888889,0.1,"{'alpha': 0.00017778888888888889, 'l1_ratio': 0.1}",0.2629904874345468,0.3809734226117436,0.31203833497580313,0.34882654937377333,0.3963247976699168,0.3402307184131567,0.04825197560409006,20
0.005582666397094727,0.0009048501491259049,0.003911781311035156,0.0008497953036984439,0.00017778888888888889,0.11111111111111112,"{'alpha': 0.00017778888888888889, 'l1_ratio': 0.11111111111111112}",0.2629787641381023,0.3809723663843769,0.312043622403961,0.34883406925122584,0.39632739825377017,0.34023124408628724,0.048255805523396006,19
0.006743812561035156,0.0010093108242115012,0.0048847198486328125,0.0007467595546388678,0.00017778888888888889,0.12222222222222223,"{'alpha': 0.00017778888888888889, 'l1_ratio': 0.12222222222222223}",0.26296699867915474,0.38097129405186725,0.31204891392775835,0.34884159234816636,0.3963299895761011,0.3402317577166095,0.048259644350323504,18
0.005366706848144531,0.0008703275858499898,0.003935575485229492,0.0005837721047454803,0.00017778888888888889,0.13333333333333333,"{'alpha': 0.00017778888888888889, 'l1_ratio': 0.13333333333333333}",0.2629552115233236,0.3809702055445767,0.31205421870409333,0.3488491192565576,0.39633257017345946,0.34023226504040216,0.04826348413601918,17
0.00560603141784668,0.0017418363046083282,0.0033535480499267576,0.00013737093434027572,0.00017778888888888889,0.14444444444444446,"{'alpha': 0.00017778888888888889, 'l1_ratio': 0.14444444444444446}",0.2629433922369483,0.38096910814494245,0.3120595322203503,0.3488566499843865,0.39633514067786635,0.34023276465289876,0.048267330129413956,16
0.004610300064086914,0.00012634736104021459,0.003359365463256836,0.00010516171919376078,0.00017778888888888889,0.15555555555555556,"{'alpha': 0.00017778888888888889, 'l1_ratio': 0.15555555555555556}",0.26293154066639446,0.3809679871065923,0.31206485451041555,0.3488641845396582,0.3963377010246133,0.3402332535695348,0.048271179876400575,15
0.004672908782958984,0.00018301961793552065,0.0033530712127685545,8.156081798603994e-05,0.00017778888888888889,0.16666666666666669,"{'alpha': 0.00017778888888888889, 'l1_ratio': 0.16666666666666669}",0.26291965665705463,0.3809668496809845,0.3120701856083441,0.34887172379513154,0.3963402511485292,0.3402337333780088,0.04827503466745424,14
0.005320692062377929,0.0010047384559946611,0.004155921936035156,0.0008116933882394092,0.00017778888888888889,0.17777777777777778,"{'alpha': 0.00017778888888888889, 'l1_ratio': 0.17777777777777778}",0.26290774005334094,0.3809656957965555,0.31207551861219385,0.3488792660294685,0.3963427920714402,0.34023420251259984,0.04827889552609957,13
0.0053637027740478516,0.0009788846462192528,0.004054355621337891,0.0005540947166378776,0.00017778888888888889,0.18888888888888888,"{'alpha': 0.00017778888888888889, 'l1_ratio': 0.18888888888888888}",0.26289577522362606,0.3809645253813433,0.31208086738240526,0.3488868121153875,0.3963453215627588,0.3402346603331042,0.04828276534836916,12
0.006383514404296875,0.0012899580551208405,0.004764842987060547,0.0006701188958996666,0.00017778888888888889,0.2,"{'alpha': 0.00017778888888888889, 'l1_ratio': 0.2}",0.2628837928810728,0.38096333836298535,0.3120862250633294,0.34889436206097435,0.3963478406330322,0.3402351118002788,0.048286635323138746,11
0.004868841171264649,0.00029264555802048926,0.003530597686767578,0.00011404850358665773,0.0002,0.1,"{'alpha': 0.0002, 'l1_ratio': 0.1}",0.2632268410811325,0.381107428546701,0.31184999163221916,0.34874433718495823,0.3963468051384451,0.3402550807166912,0.048223359763633136,10
0.005751514434814453,0.0007789158638625442,0.004622697830200195,0.0005536850876328356,0.0002,0.11111111111111112,"{'alpha': 0.0002, 'l1_ratio': 0.11111111111111112}",0.26321420681659136,0.3811065886545958,0.3118556122266366,0.3487527087886382,0.39634993195793744,0.3402558096888798,0.04822761403714485,9
0.005217123031616211,0.0002537441076239325,0.0037824630737304686,0.000365559033715662,0.0002,0.12222222222222223,"{'alpha': 0.0002, 'l1_ratio': 0.12222222222222223}",0.2632015350611887,0.3811057366614431,0.31186124281550287,0.34876108510084314,0.39635304745656497,0.34025652941910856,0.048231875336539755,8
0.005209112167358398,0.00015119194213230518,0.003730964660644531,0.00011760484539812055,0.0002,0.13333333333333333,"{'alpha': 0.0002, 'l1_ratio': 0.13333333333333333}",0.2631888256172824,0.3811048588840189,0.3118668834421725,0.34876946613303805,0.39635615155247117,0.34025723712579664,0.048236141389113675,7
0.005055522918701172,0.0001056564623493836,0.003675222396850586,9.07709348547427e-05,0.0002,0.14444444444444446,"{'alpha': 0.0002, 'l1_ratio': 0.14444444444444446}",0.263176078285842,0.38110396201097263,0.3118725341502432,0.3487778526648362,0.396359245107921,0.340257934443963,0.04824041362037678,6
0.00984654426574707,0.008821484942822495,0.0036180496215820314,0.00013225509895442206,0.0002,0.15555555555555556,"{'alpha': 0.0002, 'l1_ratio': 0.15555555555555556}",0.26316327843607124,0.3811030459498441,0.31187818858276584,0.3487862431711938,0.39636232616143785,0.3402586164602625,0.04824469693439529,5
0.009116792678833007,0.008544079383812637,0.0036187171936035156,0.00028791540543043166,0.0002,0.16666666666666669,"{'alpha': 0.0002, 'l1_ratio': 0.16666666666666669}",0.2631504546439162,0.38110211060760324,0.31188385953798126,0.34879463843214886,0.3963653955641835,0.3402592917571666,0.048248980908406416,4
0.004864120483398437,0.0002465793873862361,0.0035090923309326174,0.000161950733379143,0.0002,0.17777777777777778,"{'alpha': 0.0002, 'l1_ratio': 0.17777777777777778}",0.26313759235821443,0.38110115589064564,0.3118895407064657,0.34880303845931004,0.39636845323211156,0.34025995612934945,0.048253270906092015,3
0.004618120193481445,0.00013508077124953433,0.0033820152282714845,5.3298877297741184e-05,0.0002,0.18888888888888888,"{'alpha': 0.0002, 'l1_ratio': 0.18888888888888888}",0.26312469137426897,0.3811001920481679,0.3118952321319546,0.3488114432643211,0.3963714990805033,0.34026061157984316,0.04825756870920911,2
0.004507589340209961,5.0217858045275575e-05,0.003447818756103516,0.0002918205385646075,0.0002,0.2,"{'alpha': 0.0002, 'l1_ratio': 0.2}",0.26311175148593546,0.3810991983449631,0.31190093385762285,0.3488198528588623,0.3963745330239603,0.3402612539142688,0.04826187085539851,1
